<?xml version="1.0" encoding="UTF-8"?>
<GenRun Id="impl_1" LaunchPart="xc7a35tcpg236-1" LaunchTime="1714630456">
  <File Type="PWROPT-DCP" Name="Nanoprocessor_pwropt.dcp"/>
  <File Type="ROUTE-PWR" Name="Nanoprocessor_power_routed.rpt"/>
  <File Type="PA-TCL" Name="Nanoprocessor.tcl"/>
  <File Type="ROUTE-PWR-SUM" Name="Nanoprocessor_power_summary_routed.pb"/>
  <File Type="REPORTS-TCL" Name="Nanoprocessor_reports.tcl"/>
  <File Type="BG-DRC" Name="Nanoprocessor.drc"/>
  <File Type="OPT-METHODOLOGY-DRC" Name="Nanoprocessor_methodology_drc_opted.rpt"/>
  <File Type="INIT-TIMING" Name="Nanoprocessor_timing_summary_init.rpt"/>
  <File Type="OPT-HWDEF" Name="Nanoprocessor.hwdef"/>
  <File Type="OPT-DCP" Name="Nanoprocessor_opt.dcp"/>
  <File Type="OPT-DRC" Name="Nanoprocessor_drc_opted.rpt"/>
  <File Type="OPT-TIMING" Name="Nanoprocessor_timing_summary_opted.rpt"/>
  <File Type="PWROPT-DRC" Name="Nanoprocessor_drc_pwropted.rpt"/>
  <File Type="PWROPT-TIMING" Name="Nanoprocessor_timing_summary_pwropted.rpt"/>
  <File Type="PLACE-DCP" Name="Nanoprocessor_placed.dcp"/>
  <File Type="PLACE-IO" Name="Nanoprocessor_io_placed.rpt"/>
  <File Type="PLACE-CLK" Name="Nanoprocessor_clock_utilization_placed.rpt"/>
  <File Type="PLACE-UTIL" Name="Nanoprocessor_utilization_placed.rpt"/>
  <File Type="PLACE-UTIL-PB" Name="Nanoprocessor_utilization_placed.pb"/>
  <File Type="PLACE-CTRL" Name="Nanoprocessor_control_sets_placed.rpt"/>
  <File Type="PLACE-SIMILARITY" Name="Nanoprocessor_incremental_reuse_placed.rpt"/>
  <File Type="PLACE-PRE-SIMILARITY" Name="Nanoprocessor_incremental_reuse_pre_placed.rpt"/>
  <File Type="PLACE-TIMING" Name="Nanoprocessor_timing_summary_placed.rpt"/>
  <File Type="POSTPLACE-PWROPT-DCP" Name="Nanoprocessor_postplace_pwropt.dcp"/>
  <File Type="POSTPLACE-PWROPT-TIMING" Name="Nanoprocessor_timing_summary_postplace_pwropted.rpt"/>
  <File Type="PHYSOPT-DCP" Name="Nanoprocessor_physopt.dcp"/>
  <File Type="PHYSOPT-DRC" Name="Nanoprocessor_drc_physopted.rpt"/>
  <File Type="BG-BIT" Name="Nanoprocessor.bit"/>
  <File Type="PHYSOPT-TIMING" Name="Nanoprocessor_timing_summary_physopted.rpt"/>
  <File Type="ROUTE-ERROR-DCP" Name="Nanoprocessor_routed_error.dcp"/>
  <File Type="ROUTE-DCP" Name="Nanoprocessor_routed.dcp"/>
  <File Type="ROUTE-BLACKBOX-DCP" Name="Nanoprocessor_routed_bb.dcp"/>
  <File Type="ROUTE-DRC" Name="Nanoprocessor_drc_routed.rpt"/>
  <File Type="ROUTE-DRC-PB" Name="Nanoprocessor_drc_routed.pb"/>
  <File Type="BITSTR-MSK" Name="Nanoprocessor.msk"/>
  <File Type="ROUTE-DRC-RPX" Name="Nanoprocessor_drc_routed.rpx"/>
  <File Type="BG-BGN" Name="Nanoprocessor.bgn"/>
  <File Type="ROUTE-METHODOLOGY-DRC" Name="Nanoprocessor_methodology_drc_routed.rpt"/>
  <File Type="BITSTR-RBT" Name="Nanoprocessor.rbt"/>
  <File Type="ROUTE-METHODOLOGY-DRC-RPX" Name="Nanoprocessor_methodology_drc_routed.rpx"/>
  <File Type="BG-BIN" Name="Nanoprocessor.bin"/>
  <File Type="ROUTE-METHODOLOGY-DRC-PB" Name="Nanoprocessor_methodology_drc_routed.pb"/>
  <File Type="ROUTE-PWR-RPX" Name="Nanoprocessor_power_routed.rpx"/>
  <File Type="ROUTE-STATUS" Name="Nanoprocessor_route_status.rpt"/>
  <File Type="ROUTE-STATUS-PB" Name="Nanoprocessor_route_status.pb"/>
  <File Type="ROUTE-TIMINGSUMMARY" Name="Nanoprocessor_timing_summary_routed.rpt"/>
  <File Type="ROUTE-TIMING-PB" Name="Nanoprocessor_timing_summary_routed.pb"/>
  <File Type="ROUTE-TIMING-RPX" Name="Nanoprocessor_timing_summary_routed.rpx"/>
  <File Type="ROUTE-SIMILARITY" Name="Nanoprocessor_incremental_reuse_routed.rpt"/>
  <File Type="RDI-RDI" Name="Nanoprocessor.vdi"/>
  <File Type="ROUTE-CLK" Name="Nanoprocessor_clock_utilization_routed.rpt"/>
  <File Type="POSTROUTE-PHYSOPT-DCP" Name="Nanoprocessor_postroute_physopt.dcp"/>
  <File Type="POSTROUTE-PHYSOPT-BLACKBOX-DCP" Name="Nanoprocessor_postroute_physopt_bb.dcp"/>
  <File Type="POSTROUTE-PHYSOPT-TIMING" Name="Nanoprocessor_timing_summary_postroute_physopted.rpt"/>
  <File Type="POSTROUTE-PHYSOPT-TIMING-PB" Name="Nanoprocessor_timing_summary_postroute_physopted.pb"/>
  <File Type="POSTROUTE-PHYSOPT-TIMING-RPX" Name="Nanoprocessor_timing_summary_postroute_physopted.rpx"/>
  <File Type="BITSTR-NKY" Name="Nanoprocessor.nky"/>
  <File Type="BITSTR-BMM" Name="Nanoprocessor_bd.bmm"/>
  <File Type="BITSTR-MMI" Name="Nanoprocessor.mmi"/>
  <File Type="BITSTR-LTX" Name="debug_nets.ltx"/>
  <File Type="BITSTR-LTX" Name="Nanoprocessor.ltx"/>
  <File Type="BITSTR-SYSDEF" Name="Nanoprocessor.sysdef"/>
  <File Type="WBT-USG" Name="usage_statistics_webtalk.html"/>
  <FileSet Name="sources" Type="DesignSrcs" RelSrcDir="$PSRCDIR/sources_1">
    <Filter Type="Srcs"/>
    <File Path="$PSRCDIR/sources_1/new/ALU.vhd">
      <FileInfo>
        <Attr Name="UsedIn" Val="synthesis"/>
        <Attr Name="UsedIn" Val="simulation"/>
      </FileInfo>
    </File>
    <File Path="$PSRCDIR/sources_1/new/Add_sub.vhd">
      <FileInfo>
        <Attr Name="UsedIn" Val="synthesis"/>
        <Attr Name="UsedIn" Val="simulation"/>
      </FileInfo>
    </File>
    <File Path="$PSRCDIR/sources_1/new/D_FF.vhd">
      <FileInfo>
        <Attr Name="UsedIn" Val="synthesis"/>
        <Attr Name="UsedIn" Val="simulation"/>
      </FileInfo>
    </File>
    <File Path="$PSRCDIR/sources_1/new/Decoder_2_to_4.vhd">
      <FileInfo>
        <Attr Name="UsedIn" Val="synthesis"/>
        <Attr Name="UsedIn" Val="simulation"/>
      </FileInfo>
    </File>
    <File Path="$PSRCDIR/sources_1/new/Decoder_3_to_8.vhd">
      <FileInfo>
        <Attr Name="UsedIn" Val="synthesis"/>
        <Attr Name="UsedIn" Val="simulation"/>
      </FileInfo>
    </File>
    <File Path="$PSRCDIR/sources_1/new/FA.vhd">
      <FileInfo>
        <Attr Name="UsedIn" Val="synthesis"/>
        <Attr Name="UsedIn" Val="simulation"/>
      </FileInfo>
    </File>
    <File Path="$PSRCDIR/sources_1/new/Flage_status.vhd">
      <FileInfo>
        <Attr Name="UsedIn" Val="synthesis"/>
        <Attr Name="UsedIn" Val="simulation"/>
      </FileInfo>
    </File>
    <File Path="$PSRCDIR/sources_1/new/HA.vhd">
      <FileInfo>
        <Attr Name="UsedIn" Val="synthesis"/>
        <Attr Name="UsedIn" Val="simulation"/>
      </FileInfo>
    </File>
    <File Path="$PSRCDIR/sources_1/new/Instruction_decoder.vhd">
      <FileInfo>
        <Attr Name="UsedIn" Val="synthesis"/>
        <Attr Name="UsedIn" Val="simulation"/>
      </FileInfo>
    </File>
    <File Path="$PSRCDIR/sources_1/new/LUT_16_7.vhd">
      <FileInfo>
        <Attr Name="UsedIn" Val="synthesis"/>
        <Attr Name="UsedIn" Val="simulation"/>
      </FileInfo>
    </File>
    <File Path="$PSRCDIR/sources_1/new/MUX_2_to_1_3bit.vhd">
      <FileInfo>
        <Attr Name="UsedIn" Val="synthesis"/>
        <Attr Name="UsedIn" Val="simulation"/>
      </FileInfo>
    </File>
    <File Path="$PSRCDIR/sources_1/new/MUX_2_to_1_4bit.vhd">
      <FileInfo>
        <Attr Name="UsedIn" Val="synthesis"/>
        <Attr Name="UsedIn" Val="simulation"/>
      </FileInfo>
    </File>
    <File Path="$PSRCDIR/sources_1/new/MUX_8_to_1.vhd">
      <FileInfo>
        <Attr Name="UsedIn" Val="synthesis"/>
        <Attr Name="UsedIn" Val="simulation"/>
      </FileInfo>
    </File>
    <File Path="$PSRCDIR/sources_1/new/Multiplier_4.vhd">
      <FileInfo>
        <Attr Name="UsedIn" Val="synthesis"/>
        <Attr Name="UsedIn" Val="simulation"/>
      </FileInfo>
    </File>
    <File Path="$PSRCDIR/sources_1/new/ProgramRom.vhd">
      <FileInfo>
        <Attr Name="UsedIn" Val="synthesis"/>
        <Attr Name="UsedIn" Val="simulation"/>
      </FileInfo>
    </File>
    <File Path="$PSRCDIR/sources_1/new/Program_Counter.vhd">
      <FileInfo>
        <Attr Name="UsedIn" Val="synthesis"/>
        <Attr Name="UsedIn" Val="simulation"/>
      </FileInfo>
    </File>
    <File Path="$PSRCDIR/sources_1/new/Reg.vhd">
      <FileInfo>
        <Attr Name="UsedIn" Val="synthesis"/>
        <Attr Name="UsedIn" Val="simulation"/>
      </FileInfo>
    </File>
    <File Path="$PSRCDIR/sources_1/new/Reg_7_seg.vhd">
      <FileInfo>
        <Attr Name="UsedIn" Val="synthesis"/>
        <Attr Name="UsedIn" Val="simulation"/>
      </FileInfo>
    </File>
    <File Path="$PSRCDIR/sources_1/new/Register_bank.vhd">
      <FileInfo>
        <Attr Name="UsedIn" Val="synthesis"/>
        <Attr Name="UsedIn" Val="simulation"/>
      </FileInfo>
    </File>
    <File Path="$PSRCDIR/sources_1/new/Slow_Clk.vhd">
      <FileInfo>
        <Attr Name="UsedIn" Val="synthesis"/>
        <Attr Name="UsedIn" Val="simulation"/>
      </FileInfo>
    </File>
    <File Path="$PSRCDIR/sources_1/new/TBA.vhd">
      <FileInfo>
        <Attr Name="UsedIn" Val="synthesis"/>
        <Attr Name="UsedIn" Val="simulation"/>
      </FileInfo>
    </File>
    <File Path="$PSRCDIR/sources_1/new/Tri_state_buffer_3_bit.vhd">
      <FileInfo>
        <Attr Name="UsedIn" Val="synthesis"/>
        <Attr Name="UsedIn" Val="simulation"/>
      </FileInfo>
    </File>
    <File Path="$PSRCDIR/sources_1/new/Tri_state_buffer_4_bit.vhd">
      <FileInfo>
        <Attr Name="UsedIn" Val="synthesis"/>
        <Attr Name="UsedIn" Val="simulation"/>
      </FileInfo>
    </File>
    <File Path="$PSRCDIR/sources_1/new/bit_comparator.vhd">
      <FileInfo>
        <Attr Name="UsedIn" Val="synthesis"/>
        <Attr Name="UsedIn" Val="simulation"/>
      </FileInfo>
    </File>
    <File Path="$PSRCDIR/sources_1/new/display_unit.vhd">
      <FileInfo>
        <Attr Name="UsedIn" Val="synthesis"/>
        <Attr Name="UsedIn" Val="simulation"/>
      </FileInfo>
    </File>
    <File Path="$PSRCDIR/sources_1/new/Nanoprocessor.vhd">
      <FileInfo>
        <Attr Name="UsedIn" Val="synthesis"/>
        <Attr Name="UsedIn" Val="simulation"/>
      </FileInfo>
    </File>
    <Config>
      <Option Name="DesignMode" Val="RTL"/>
      <Option Name="TopModule" Val="Nanoprocessor"/>
    </Config>
  </FileSet>
  <FileSet Name="constrs_in" Type="Constrs" RelSrcDir="$PSRCDIR/constrs_1">
    <Filter Type="Constrs"/>
    <File Path="$PSRCDIR/constrs_1/new/nanoprocessor.xdc">
      <FileInfo>
        <Attr Name="UsedIn" Val="synthesis"/>
        <Attr Name="UsedIn" Val="implementation"/>
      </FileInfo>
    </File>
    <Config>
      <Option Name="ConstrsType" Val="XDC"/>
    </Config>
  </FileSet>
  <Strategy Version="1" Minor="2">
    <StratHandle Name="Vivado Implementation Defaults" Flow="Vivado Implementation 2018"/>
    <Step Id="init_design"/>
    <Step Id="opt_design"/>
    <Step Id="power_opt_design"/>
    <Step Id="place_design"/>
    <Step Id="post_place_power_opt_design"/>
    <Step Id="phys_opt_design"/>
    <Step Id="route_design"/>
    <Step Id="post_route_phys_opt_design"/>
    <Step Id="write_bitstream"/>
  </Strategy>
</GenRun>
